{
  "project_info": {
    "project_number": "398668804922",
    "firebase_url": "https://drinking-games-1377a.firebaseio.com",
    "project_id": "drinking-games-1377a",
    "storage_bucket": "drinking-games-1377a.appspot.com"
  },
  "client": [
    {
      "client_info": {
        "mobilesdk_app_id": "1:398668804922:android:a2cd0360b434d2c43c9603",
        "android_client_info": {
          "package_name": "com.hanrstudios.drinkingbuddies"
        }
      },
      "oauth_client": [
        {
          "client_id": "398668804922-hqvm2t9rid8basu17413003qe76kkmp2.apps.googleusercontent.com",
          "client_type": 3
        }
      ],
      "api_key": [
        {
          "current_key": "AIzaSyAAbEzs0L4q4uvj0HNWW7egmdPhW-ET2rk"
        }
      ],
      "services": {
        "appinvite_service": {
          "other_platform_oauth_client": [
            {
              "client_id": "398668804922-hqvm2t9rid8basu17413003qe76kkmp2.apps.googleusercontent.com",
              "client_type": 3
            }
          ]
        }
      }
    }
  ],
  "configuration_version": "1"
}